Name,Gender
rp_aaron_posed_002,m
rp_aaron_posed_009,m
rp_aaron_posed_013,m
rp_aaron_posed_018,m
rp_aaron_posed_022,m
rp_alexandra_posed_002,f
rp_alexandra_posed_006,f
rp_alexandra_posed_025,f
rp_alison_posed_001,f
rp_aneko_posed_007,f
rp_aneko_posed_011,f
rp_aneko_posed_015,f
rp_aneko_posed_024,f
rp_anna_posed_001,f
rp_antonia_posed_003,f
rp_ashley_posed_002,f
rp_ashley_posed_003,f
rp_beatrice_posed_005,f
rp_beatrice_posed_010,f
rp_beatrice_posed_014,f
rp_beatrice_posed_019,f
rp_beatrice_posed_021,f
rp_beatrice_posed_022,f
rp_beatrice_posed_025,f
rp_beatrice_posed_026,f
rp_beatrice_posed_034,f
rp_beatrice_posed_036,f
rp_beatrice_posed_038,f
rp_belle_posed_007,f
rp_ben_posed_004,m
rp_ben_posed_008,m
rp_bianca_posed_019,f
rp_caren_posed_008,f
rp_caren_posed_009,f
rp_carina_posed_010,f
rp_carla_posed_001,f
rp_carla_posed_004,f
rp_carla_posed_006,f
rp_carla_posed_011,f
rp_carla_posed_016,f
rp_carla_posed_020,f
rp_carla_posed_026,f
rp_celina_posed_002,f
rp_celina_posed_003,f
rp_celina_posed_005,f
rp_christine_posed_003,f
rp_christine_posed_010,f
rp_christine_posed_012,f
rp_christine_posed_013,f
rp_christine_posed_021,f
rp_christine_posed_025,f
rp_christine_posed_027,f
rp_christopher_posed_002,m
rp_christopher_posed_008,m
rp_cindy_posed_005,f
rp_cindy_posed_009,f
rp_cindy_posed_014,f
rp_cindy_posed_020,f
rp_claudia_posed_002,f
rp_claudia_posed_005,f
rp_claudia_posed_020,f
rp_claudia_posed_022,f
rp_claudia_posed_024,f
rp_corey_posed_002,m
rp_corey_posed_006,m
rp_corey_posed_010,m
rp_corey_posed_014,m
rp_corey_posed_015,m
rp_corey_posed_022,m
rp_corey_posed_023,m
rp_corey_posed_026,m
rp_corey_posed_030,m
rp_daniel_posed_003,m
rp_debra_posed_014,f
rp_elias_posed_011,m
rp_elizabeth_posed_003,f
rp_emma_posed_002,f
rp_emma_posed_008,f
rp_emma_posed_018,f
rp_emma_posed_023,f
rp_emma_posed_025,f
rp_emma_posed_029,f
rp_eric_posed_006,m
rp_eric_posed_018,m
rp_eric_posed_033,m
rp_eric_posed_035,m
rp_eric_posed_046,m
rp_ethan_posed_004,m
rp_ethan_posed_015,m
rp_eve_posed_001,f
rp_eve_posed_003,f
rp_felice_posed_004,f
rp_felice_posed_011,f
rp_fernanda_posed_010,f
rp_fernanda_posed_021,f
rp_fernanda_posed_028,f
rp_fiona_posed_003,f
rp_fiona_posed_004,f
rp_fiona_posed_012,f
rp_fiona_posed_013,f
rp_grace_posed_004,f
rp_helen_posed_023,f
rp_henry_posed_001,m
rp_henry_posed_006,m
rp_henry_posed_014,m
rp_isabelle_posed_012,f
rp_janett_posed_001,f
rp_janett_posed_025,f
rp_janna_posed_001,f
rp_janna_posed_004,f
rp_janna_posed_016,f
rp_janna_posed_023,f
rp_janna_posed_032,f
rp_janna_posed_037,f
rp_janna_posed_044,f
rp_jessica_posed_009,f
female_30_it_4031,f
female_30_nl_1202,f
female_30_nl_5323,f
female_30_nl_5690,f
female_30_nl_5960,f
female_30_us_1198,f
female_30_us_1269,f
female_30_us_2087,f
female_30_us_2386,f
female_30_us_2580,f
female_30_us_2796,f
female_31_nl_1440,f
female_31_us_0125,f
female_31_us_0269,f
female_31_us_1807,f
female_31_us_2918,f
female_32_it_4281,f
female_32_nl_2234,f
female_32_nl_5533,f
female_32_nl_5553,f
female_32_us_1130,f
female_32_us_1683,f
female_32_us_2326,f
female_32_us_2609,f
female_32_us_2947,f
female_33_nl_5724,f
female_33_us_1389,f
female_33_us_2100,f
female_34_nl_6330,f
female_34_us_1280,f
female_35_it_4476,f
female_35_nl_1184,f
female_35_us_1060,f
female_35_us_1312,f
female_35_us_1431,f
female_35_us_1530,f
female_35_us_2652,f
female_35_us_2833,f
female_36_nl_2375,f
female_36_nl_5365,f
female_36_nl_5493,f
female_36_nl_6641,f
female_36_us_0176,f
female_36_us_1930,f
female_36_us_2081,f
female_37_nl_1262,f
female_37_nl_5394,f
female_37_nl_5702,f
female_37_nl_5760,f
female_37_us_1087,f
female_37_us_2201,f
female_37_us_2456,f
female_37_us_2713,f
female_38_nl_1267,f
female_38_us_2073,f
female_38_us_2848,f
female_39_nl_5778,f
female_39_us_1277,f
female_39_us_1861,f
female_39_us_2859,f
female_40_us_2158,f
female_40_us_2592,f
female_41_nl_5213,f
female_41_nl_5319,f
female_41_us_0017,f
female_41_us_2923,f
female_42_it_4305,f
female_42_us_0569,f
female_42_us_1123,f
female_42_us_1177,f
female_42_us_2463,f
female_43_us_2381,f
female_43_us_2744,f
female_44_us_1208,f
female_44_us_2302,f
female_50_us_1638,f
female_50_us_2542,f
female_53_us_2399,f
female_56_us_1894,f
female_58_us_2424,f
male_25_it_4311,m
male_25_nl_5739,m
male_25_nl_6656,m
male_25_us_0245,m
male_25_us_0513,m
male_25_us_0523,m
male_25_us_1682,m
male_26_nl_1149,m
male_26_nl_4009,m
male_26_us_0514,m
male_26_us_1402,m
male_26_us_2312,m
male_27_nl_4036,m
male_27_us_1570,m
male_27_us_1835,m
male_28_us_1430,m
male_28_us_1478,m
male_29_us_0068,m
male_29_us_0539,m
male_29_us_0610,m
male_30_it_4274,m
male_30_nl_5289,m
male_30_nl_6559,m
male_30_nl_6785,m
male_30_us_0007,m
male_30_us_0025,m
male_30_us_0169,m
male_30_us_1377,m
male_30_us_1560,m
male_30_us_1587,m
male_31_it_4611,m
male_31_us_0424,m
male_31_us_1190,m
male_31_us_1481,m
male_31_us_1593,m
male_31_us_2342,m
male_32_it_4603,m
male_32_nl_1207,m
male_32_nl_6070,m
male_32_us_0164,m
male_32_us_0430,m
male_32_us_0535,m
male_32_us_1386,m
male_32_us_1533,m
male_32_us_2373,m
male_33_nl_5886,m
male_34_nl_1040,m
male_34_nl_5417,m
male_34_us_0405,m
male_34_us_1371,m
male_35_nl_1159,m
male_35_nl_5786,m
male_35_us_0156,m
male_35_us_0445,m
male_35_us_0574,m
male_35_us_1252,m
male_35_us_1259,m
male_35_us_1286,m
male_35_us_1332,m
male_35_us_1502,m
male_35_us_1552,m
male_35_us_2506,m
male_36_nl_2015,m
male_36_nl_5280,m
male_36_nl_6242,m
male_36_us_0629,m
male_36_us_1670,m
male_36_us_1840,m
male_36_us_2351,m
male_37_it_4368,m
male_37_nl_5462,m
male_37_nl_6248,m
male_37_nl_6537,m
male_37_us_0525,m
male_37_us_1443,m
male_39_nl_6338,m
male_39_nl_6355,m
male_39_us_0196,m
male_39_us_0647,m
male_39_us_1818,m
male_40_nl_5282,m
male_40_nl_6353,m
male_40_us_0306,m
male_40_us_0660,m
male_41_us_0082,m
male_41_us_0122,m
male_41_us_1444,m
male_41_us_1737,m
male_41_us_2409,m
male_41_us_2582,m
male_42_us_0617,m
male_43_nl_6500,m
male_44_nl_6132,m
male_44_us_0592,m
male_45_us_0001,m
male_46_us_2175,m
male_47_us_1850,m
male_48_us_2148,m
male_58_us_2277,m
male_70_us_0553,m
