Name,Textures
rp_aaron_posed_002,texture_01;texture_02;texture_03;texture_04;texture_05;texture_06;texture_07;texture_08;texture_09;texture_10;texture_11;texture_12;texture_13;texture_14;texture_15;texture_16;texture_17
rp_aaron_posed_009,texture_01;texture_02;texture_03;texture_04;texture_05;texture_06;texture_07;texture_08;texture_09;texture_10
rp_aaron_posed_013,texture_01;texture_02;texture_03;texture_04;texture_05;texture_06;texture_07;texture_08
rp_aaron_posed_018,texture_01;texture_02;texture_03;texture_04;texture_05;texture_06;texture_07;texture_08
rp_aaron_posed_022,texture_01;texture_02;texture_03;texture_04;texture_05;texture_06;texture_07;texture_08;texture_09;texture_10
rp_alexandra_posed_002,texture_01;texture_02;texture_03;texture_04;texture_05;texture_06;texture_07;texture_08;texture_09;texture_10
rp_alexandra_posed_006,texture_01;texture_02;texture_03;texture_04;texture_05;texture_06;texture_07;texture_08;texture_09
rp_alexandra_posed_025,texture_01;texture_02;texture_03;texture_04;texture_05;texture_06;texture_07;texture_08;texture_09;texture_10
rp_alison_posed_001,texture_01;texture_02;texture_03;texture_04;texture_05;texture_06;texture_07;texture_08;texture_09;texture_10
rp_aneko_posed_007,texture_01;texture_02;texture_03;texture_04;texture_05;texture_06;texture_07;texture_08;texture_09;texture_10
rp_aneko_posed_011,texture_01;texture_02;texture_03;texture_04;texture_05;texture_06;texture_07;texture_08;texture_09;texture_10
rp_aneko_posed_015,texture_01;texture_02;texture_03;texture_04;texture_05;texture_06;texture_07;texture_08;texture_09
rp_aneko_posed_024,texture_01;texture_02;texture_03;texture_04;texture_05;texture_06;texture_07;texture_08;texture_09;texture_10
rp_anna_posed_001,texture_01;texture_02;texture_03;texture_04;texture_05;texture_06;texture_07;texture_08;texture_09;texture_10;texture_11;texture_12;texture_13;texture_14;texture_15;texture_16
rp_antonia_posed_003,texture_01;texture_02;texture_03;texture_04;texture_05;texture_06;texture_07;texture_08;texture_09;texture_10;texture_11;texture_12;texture_13;texture_14;texture_15;texture_16
rp_ashley_posed_002,texture_01;texture_02;texture_03;texture_04;texture_05;texture_06;texture_07;texture_08;texture_09;texture_10;texture_11;texture_12;texture_13;texture_14;texture_15;texture_16
rp_ashley_posed_003,texture_01;texture_02;texture_03;texture_04;texture_05;texture_06;texture_07;texture_08;texture_09;texture_10;texture_11;texture_12;texture_13;texture_14;texture_15;texture_16
rp_beatrice_posed_005,texture_01;texture_02;texture_03;texture_04;texture_05;texture_06;texture_07;texture_08;texture_09;texture_10;texture_11;texture_12;texture_13;texture_14;texture_15;texture_16
rp_beatrice_posed_010,texture_01;texture_02;texture_03;texture_04;texture_05;texture_06;texture_07;texture_08;texture_09;texture_10;texture_11;texture_12;texture_13;texture_14;texture_15;texture_16
rp_beatrice_posed_014,texture_01;texture_02;texture_03;texture_04;texture_05;texture_06;texture_07;texture_08;texture_09;texture_10;texture_11;texture_12
rp_beatrice_posed_019,texture_01;texture_02;texture_03;texture_04;texture_05;texture_06;texture_07;texture_08;texture_09;texture_10;texture_11;texture_12;texture_13;texture_14;texture_15;texture_16;texture_17
rp_beatrice_posed_021,texture_01;texture_02;texture_03;texture_04;texture_05;texture_06;texture_07;texture_08;texture_09;texture_10;texture_11;texture_12;texture_13;texture_14;texture_15;texture_16;texture_17;texture_18;texture_19;texture_20
rp_beatrice_posed_022,texture_01;texture_02;texture_03;texture_04;texture_05;texture_06;texture_07;texture_08;texture_09;texture_10;texture_11;texture_12;texture_13;texture_14;texture_15;texture_16;texture_17;texture_18;texture_19;texture_20
rp_beatrice_posed_025,texture_01;texture_02;texture_03;texture_04;texture_05;texture_06;texture_07;texture_08;texture_09;texture_10;texture_11;texture_12;texture_13;texture_14;texture_15;texture_16;texture_17;texture_18;texture_19
rp_beatrice_posed_026,texture_01;texture_02;texture_03;texture_04;texture_05;texture_06;texture_07;texture_08;texture_09;texture_10;texture_11;texture_12;texture_13;texture_14;texture_15;texture_16
rp_beatrice_posed_034,texture_01;texture_02;texture_03;texture_04;texture_05;texture_06;texture_07;texture_08;texture_09;texture_10;texture_11;texture_12;texture_13;texture_14;texture_15
rp_beatrice_posed_036,texture_01;texture_02;texture_03;texture_04;texture_05;texture_06;texture_07;texture_08;texture_09;texture_10;texture_11;texture_12;texture_13;texture_14
rp_beatrice_posed_038,texture_01;texture_02;texture_03;texture_04;texture_05;texture_06;texture_07;texture_08;texture_09;texture_10;texture_11;texture_12;texture_13;texture_14
rp_belle_posed_007,texture_01;texture_02;texture_03;texture_04;texture_05;texture_06;texture_07;texture_08;texture_09;texture_10;texture_11;texture_12;texture_13;texture_14;texture_15;texture_16;texture_17
rp_ben_posed_004,texture_01;texture_02;texture_03;texture_04;texture_05;texture_06;texture_07;texture_08;texture_09;texture_10;texture_11;texture_12;texture_13;texture_14;texture_15;texture_16
rp_ben_posed_008,texture_01;texture_02;texture_03;texture_04;texture_05;texture_06;texture_07;texture_08;texture_09;texture_10;texture_11;texture_12;texture_13;texture_14;texture_15;texture_16;texture_17
rp_bianca_posed_019,texture_01;texture_02;texture_03;texture_04;texture_05;texture_06;texture_07;texture_08;texture_09;texture_10;texture_11;texture_12;texture_13;texture_14
rp_caren_posed_008,texture_01;texture_02;texture_03;texture_04;texture_05;texture_06;texture_07;texture_08;texture_09;texture_10;texture_11;texture_12;texture_13;texture_14
rp_caren_posed_009,texture_01;texture_02;texture_03;texture_04;texture_05;texture_06;texture_07;texture_08;texture_09;texture_10;texture_11;texture_12;texture_13;texture_14
rp_carina_posed_010,texture_01;texture_02;texture_03;texture_04;texture_05;texture_06;texture_07;texture_08;texture_09;texture_10;texture_11
rp_carla_posed_001,texture_01;texture_02;texture_03;texture_04;texture_05;texture_06;texture_07;texture_08;texture_09;texture_10;texture_11
rp_carla_posed_004,texture_01;texture_02;texture_03;texture_04;texture_05;texture_06
rp_carla_posed_006,texture_01;texture_02;texture_03;texture_04;texture_05;texture_06;texture_07;texture_08;texture_09;texture_10;texture_11
rp_carla_posed_011,texture_01;texture_02;texture_03;texture_04;texture_05;texture_06;texture_07;texture_08;texture_09;texture_10;texture_11
rp_carla_posed_016,texture_01;texture_02;texture_03;texture_04;texture_05;texture_06;texture_07;texture_08;texture_09;texture_10
rp_carla_posed_020,texture_01;texture_02;texture_03;texture_04;texture_05;texture_06;texture_07;texture_08;texture_09;texture_10;texture_11
rp_carla_posed_026,texture_01;texture_02;texture_03;texture_04;texture_05;texture_06;texture_07;texture_08;texture_09;texture_10;texture_11
rp_celina_posed_002,texture_01;texture_02;texture_03;texture_04;texture_05;texture_06;texture_07;texture_08;texture_09;texture_10;texture_11
rp_celina_posed_003,texture_01;texture_02;texture_03;texture_04;texture_05;texture_06;texture_07;texture_08;texture_09;texture_10;texture_11
rp_celina_posed_005,texture_01;texture_02;texture_03;texture_04;texture_05;texture_06;texture_07;texture_08;texture_09;texture_10;texture_11;texture_12;texture_13;texture_14;texture_15
rp_christine_posed_012,texture_01;texture_02;texture_03;texture_04;texture_05;texture_06;texture_07;texture_08;texture_09;texture_10;texture_11;texture_12;texture_13;texture_14;texture_15;texture_16;texture_17
rp_christine_posed_013,texture_01;texture_02;texture_03;texture_04;texture_05;texture_06;texture_07;texture_08;texture_09;texture_10;texture_11;texture_12;texture_13;texture_14;texture_15;texture_16;texture_17;texture_18;texture_19
rp_christine_posed_021,texture_01;texture_02;texture_03;texture_04;texture_05;texture_06;texture_07;texture_08;texture_09;texture_10;texture_11;texture_12;texture_13;texture_14;texture_15;texture_16;texture_17;texture_18;texture_19;texture_20;texture_21
rp_christine_posed_025,texture_01;texture_02;texture_03;texture_04;texture_05;texture_06;texture_07;texture_08;texture_09;texture_10;texture_11;texture_12;texture_13;texture_14;texture_15;texture_16;texture_17;texture_18;texture_19;texture_20
rp_christine_posed_027,texture_01;texture_02;texture_03;texture_04;texture_05;texture_06;texture_07;texture_08;texture_09;texture_10;texture_11;texture_12;texture_13;texture_14;texture_15;texture_16;texture_17;texture_18;texture_19;texture_20
rp_christopher_posed_002,texture_01;texture_02;texture_03;texture_04;texture_05;texture_06;texture_07;texture_08;texture_09;texture_10;texture_11;texture_12;texture_13;texture_14
rp_christopher_posed_008,texture_01;texture_02;texture_03;texture_04;texture_05;texture_06;texture_07;texture_08;texture_09;texture_10;texture_11;texture_12;texture_13;texture_14
rp_cindy_posed_005,texture_01;texture_02;texture_03;texture_04;texture_05;texture_06;texture_07;texture_08;texture_09;texture_10;texture_11;texture_12;texture_13;texture_14;texture_15
rp_cindy_posed_009,texture_01;texture_02;texture_03;texture_04;texture_05;texture_06;texture_07;texture_08;texture_09;texture_10;texture_11;texture_12;texture_13;texture_14;texture_15
rp_cindy_posed_014,texture_01;texture_02;texture_03;texture_04;texture_05;texture_06;texture_07;texture_08;texture_09;texture_10;texture_11;texture_12;texture_13;texture_14;texture_15
rp_cindy_posed_020,texture_01;texture_02;texture_03;texture_04;texture_05;texture_06;texture_07;texture_08;texture_09;texture_10;texture_11;texture_12;texture_13;texture_14;texture_15
rp_claudia_posed_002,texture_01;texture_02;texture_03;texture_04;texture_05;texture_06;texture_07;texture_08;texture_09;texture_10;texture_11;texture_12;texture_13;texture_14;texture_15
rp_claudia_posed_005,texture_01;texture_02;texture_03;texture_04;texture_05;texture_06;texture_07;texture_08;texture_09;texture_10;texture_11;texture_12;texture_13;texture_14;texture_15
rp_claudia_posed_020,texture_01;texture_02;texture_03;texture_04;texture_05;texture_06;texture_07;texture_08;texture_09;texture_10;texture_11;texture_12;texture_13;texture_14;texture_15
rp_claudia_posed_022,texture_01;texture_02;texture_03;texture_04;texture_05;texture_06;texture_07;texture_08;texture_09;texture_10;texture_11;texture_12;texture_13;texture_14;texture_15
rp_claudia_posed_024,texture_01;texture_02;texture_03;texture_04;texture_05;texture_06;texture_07;texture_08;texture_09;texture_10;texture_11;texture_12;texture_13;texture_14;texture_15;texture_16
rp_corey_posed_002,texture_01;texture_02;texture_03;texture_04;texture_05;texture_06;texture_07;texture_08;texture_09;texture_10;texture_11;texture_12;texture_13;texture_14;texture_15
rp_corey_posed_006,texture_01;texture_02;texture_03;texture_04;texture_05;texture_06;texture_07;texture_08;texture_09;texture_10;texture_11;texture_12;texture_13;texture_14;texture_15
rp_corey_posed_010,texture_01;texture_02;texture_03;texture_04;texture_05;texture_06;texture_07;texture_08;texture_09;texture_10;texture_11;texture_12;texture_13;texture_14;texture_15
rp_corey_posed_014,texture_01;texture_02;texture_03;texture_04;texture_05;texture_06;texture_07;texture_08;texture_09;texture_10;texture_11;texture_12;texture_13;texture_14;texture_15
rp_corey_posed_015,texture_01;texture_02;texture_03;texture_04;texture_05;texture_06;texture_07;texture_08;texture_09;texture_10;texture_11;texture_12;texture_13;texture_14
rp_corey_posed_022,texture_01;texture_02;texture_03;texture_04;texture_05;texture_06;texture_07;texture_08;texture_09;texture_10;texture_11;texture_12;texture_13;texture_14
rp_corey_posed_023,texture_01;texture_02;texture_03;texture_04;texture_05;texture_06;texture_07;texture_08;texture_09;texture_10;texture_11;texture_12;texture_13;texture_14
rp_corey_posed_026,texture_01;texture_02;texture_03;texture_04;texture_05;texture_06;texture_07;texture_08;texture_09;texture_10;texture_11;texture_12;texture_13;texture_14
rp_corey_posed_030,texture_01;texture_02;texture_03;texture_04;texture_05;texture_06;texture_07;texture_08;texture_09;texture_10;texture_11;texture_12;texture_13;texture_14
rp_daniel_posed_003,texture_01;texture_02;texture_03;texture_04;texture_05;texture_06;texture_07;texture_08;texture_09;texture_10;texture_11;texture_12;texture_13;texture_14;texture_15;texture_16;texture_17;texture_18;texture_19;texture_20
rp_debra_posed_014,texture_01;texture_02;texture_03;texture_04;texture_05;texture_06;texture_07;texture_08;texture_09;texture_10;texture_11;texture_12;texture_13;texture_14;texture_15;texture_16;texture_17;texture_18;texture_19;texture_20
rp_elias_posed_011,texture_01;texture_02;texture_03;texture_04;texture_05;texture_06;texture_07;texture_08;texture_09;texture_10;texture_11;texture_12;texture_13;texture_14;texture_15;texture_16;texture_17;texture_18;texture_19;texture_20
rp_elizabeth_posed_003,texture_01;texture_02;texture_03;texture_04;texture_05;texture_06;texture_07;texture_08;texture_09;texture_10;texture_11;texture_12;texture_13;texture_14;texture_15;texture_16;texture_17;texture_18
rp_emma_posed_002,texture_01;texture_02;texture_03;texture_04;texture_05;texture_06;texture_07;texture_08;texture_09;texture_10;texture_11;texture_12;texture_13;texture_14;texture_15;texture_16;texture_17;texture_18;texture_19;texture_20;texture_21;texture_22;texture_23;texture_24;texture_25
rp_emma_posed_008,texture_01;texture_02;texture_03;texture_04;texture_05;texture_06;texture_07;texture_08;texture_09;texture_10;texture_11;texture_12;texture_13;texture_14;texture_15
rp_emma_posed_018,texture_01;texture_02;texture_03;texture_04;texture_05
rp_emma_posed_023,texture_01;texture_02;texture_03;texture_04;texture_05;texture_06;texture_07;texture_08;texture_09;texture_10;texture_11;texture_12;texture_13;texture_14;texture_15
rp_emma_posed_025,texture_01;texture_02;texture_03;texture_04;texture_05;texture_06;texture_07;texture_08;texture_09;texture_10;texture_11;texture_12;texture_13;texture_14;texture_15
rp_emma_posed_029,texture_01;texture_02;texture_03;texture_04;texture_05;texture_06;texture_07;texture_08;texture_09;texture_10;texture_11;texture_12;texture_13;texture_14;texture_15
rp_eric_posed_006,texture_01;texture_02;texture_03;texture_04;texture_05;texture_06;texture_07;texture_08;texture_09;texture_10;texture_11;texture_12;texture_13;texture_14;texture_15;texture_16;texture_17
rp_eric_posed_018,texture_01;texture_02;texture_03;texture_04;texture_05;texture_06;texture_07;texture_08;texture_09;texture_10;texture_11;texture_12;texture_13;texture_14;texture_15;texture_16;texture_17
rp_eric_posed_033,texture_01;texture_02;texture_03;texture_04;texture_05;texture_06;texture_07;texture_08;texture_09;texture_10;texture_11;texture_12;texture_13;texture_14;texture_15;texture_16;texture_17
rp_eric_posed_035,texture_01;texture_02;texture_03;texture_04;texture_05;texture_06;texture_07;texture_08;texture_09;texture_10;texture_11;texture_12;texture_13;texture_14;texture_15;texture_16;texture_17
rp_eric_posed_046,texture_01;texture_02;texture_03;texture_04;texture_05;texture_06;texture_07;texture_08;texture_09;texture_10;texture_11;texture_12;texture_13;texture_14;texture_15;texture_16;texture_17
rp_ethan_posed_004,texture_01;texture_02;texture_03;texture_04;texture_05;texture_06;texture_07;texture_08;texture_09;texture_10;texture_11;texture_12;texture_13;texture_14;texture_15;texture_16;texture_17;texture_18;texture_19
rp_ethan_posed_015,texture_01;texture_02;texture_03;texture_04;texture_05;texture_06;texture_07;texture_08;texture_09;texture_10;texture_11;texture_12;texture_13;texture_14;texture_15;texture_16;texture_17;texture_18;texture_19;texture_20
rp_eve_posed_001,texture_01;texture_02;texture_03;texture_04;texture_05;texture_06;texture_07;texture_08;texture_09;texture_10;texture_11;texture_12;texture_13;texture_14;texture_15;texture_16;texture_17;texture_18
rp_eve_posed_003,texture_01;texture_02;texture_03;texture_04;texture_05;texture_06;texture_07;texture_08;texture_09;texture_10;texture_11;texture_12;texture_13;texture_14;texture_15;texture_16;texture_17;texture_18;texture_19;texture_20;texture_21;texture_22;texture_23;texture_24;texture_25;texture_26;texture_27
rp_felice_posed_004,texture_01;texture_02;texture_03;texture_04;texture_05;texture_06;texture_07;texture_08;texture_09;texture_10;texture_11;texture_12;texture_13;texture_14;texture_15
rp_felice_posed_011,texture_01;texture_02;texture_03;texture_04;texture_05;texture_06;texture_07;texture_08;texture_09;texture_10;texture_11;texture_12;texture_13;texture_14;texture_15;texture_16;texture_17;texture_18;texture_19;texture_20
rp_fernanda_posed_010,texture_01;texture_02;texture_03;texture_04;texture_05;texture_06;texture_07;texture_08;texture_09;texture_10
rp_fernanda_posed_021,texture_01;texture_02;texture_03;texture_04;texture_05;texture_06;texture_07;texture_08;texture_09;texture_10;texture_11;texture_12;texture_13;texture_14;texture_15;texture_16;texture_17;texture_18
rp_fernanda_posed_028,texture_01;texture_02;texture_03;texture_04;texture_05;texture_06;texture_07;texture_08;texture_09;texture_10;texture_11;texture_12;texture_13;texture_14;texture_15;texture_16;texture_17;texture_18;texture_19;texture_20
rp_fiona_posed_003,texture_01;texture_02;texture_03;texture_04;texture_05;texture_06;texture_07;texture_08;texture_09;texture_10;texture_11;texture_12;texture_13;texture_14;texture_15;texture_16;texture_17
rp_fiona_posed_004,texture_01;texture_02;texture_03;texture_04;texture_05;texture_06;texture_07;texture_08;texture_09;texture_10;texture_11;texture_12;texture_13;texture_14;texture_15;texture_16;texture_17
rp_fiona_posed_012,texture_01;texture_02;texture_03;texture_04;texture_05;texture_06;texture_07;texture_08;texture_09;texture_10;texture_11;texture_12;texture_13;texture_14;texture_15;texture_16
rp_fiona_posed_013,texture_01;texture_02;texture_03;texture_04;texture_05;texture_06;texture_07;texture_08;texture_09;texture_10;texture_11;texture_12;texture_13;texture_14;texture_15;texture_16;texture_17;texture_18;texture_19;texture_20
rp_grace_posed_004,texture_01;texture_02;texture_03;texture_04;texture_05;texture_06;texture_07;texture_08;texture_09;texture_10;texture_11;texture_12;texture_13;texture_14;texture_15;texture_16;texture_17;texture_18;texture_19;texture_20
rp_helen_posed_023,texture_01;texture_02;texture_03;texture_04;texture_05;texture_06;texture_07;texture_08;texture_09;texture_10;texture_11;texture_12;texture_13;texture_14;texture_15;texture_16;texture_17;texture_18;texture_19
rp_henry_posed_001,texture_01;texture_02;texture_03;texture_04;texture_05;texture_06;texture_07;texture_08
rp_henry_posed_006,texture_01;texture_02;texture_03;texture_04;texture_05;texture_06;texture_07;texture_08;texture_09;texture_10;texture_11;texture_12;texture_13;texture_14;texture_15;texture_16;texture_17;texture_18
rp_henry_posed_014,texture_01;texture_02;texture_03;texture_04;texture_05;texture_06;texture_07;texture_08;texture_09;texture_10;texture_11;texture_12;texture_13;texture_14;texture_15;texture_16;texture_17;texture_18
rp_isabelle_posed_012,texture_01;texture_02;texture_03;texture_04;texture_05;texture_06;texture_07;texture_08;texture_09;texture_10;texture_11;texture_12;texture_13;texture_14;texture_15
rp_janett_posed_001,texture_01;texture_02;texture_03;texture_04;texture_05;texture_06;texture_07;texture_08;texture_09;texture_10;texture_11;texture_12;texture_13;texture_14;texture_15
rp_janett_posed_025,texture_01;texture_02;texture_03;texture_04;texture_05;texture_06;texture_07;texture_08;texture_09;texture_10;texture_11;texture_12;texture_13
rp_janna_posed_001,texture_01;texture_02;texture_03;texture_04;texture_05;texture_06;texture_07;texture_08;texture_09;texture_10;texture_11;texture_12;texture_13;texture_14;texture_15;texture_16;texture_17;texture_18
rp_janna_posed_004,texture_01;texture_02;texture_03;texture_04;texture_05;texture_06;texture_07;texture_08;texture_09;texture_10;texture_11;texture_12;texture_13;texture_14;texture_15;texture_16;texture_17;texture_18
rp_janna_posed_016,texture_01;texture_02;texture_03;texture_04;texture_05;texture_06;texture_07;texture_08;texture_09;texture_10;texture_11;texture_12;texture_13;texture_14;texture_15;texture_16
rp_janna_posed_023,texture_01;texture_02;texture_03;texture_04;texture_05;texture_06;texture_07;texture_08;texture_09;texture_10;texture_11;texture_12;texture_13;texture_14;texture_15;texture_16;texture_17;texture_18;texture_19;texture_20
rp_janna_posed_032,texture_01;texture_02;texture_03;texture_04;texture_05;texture_06;texture_07;texture_08;texture_09;texture_10;texture_11;texture_12;texture_13;texture_14;texture_15;texture_16;texture_17;texture_18;texture_19
rp_janna_posed_037,texture_01;texture_02;texture_03;texture_04;texture_05;texture_06;texture_07;texture_08;texture_09;texture_10;texture_11;texture_12;texture_13;texture_14;texture_15;texture_16;texture_17;texture_18;texture_19;texture_20
rp_janna_posed_044,texture_01;texture_02;texture_03;texture_04;texture_05;texture_06;texture_07;texture_08;texture_09;texture_10;texture_11;texture_12;texture_13;texture_14;texture_15;texture_16;texture_17
rp_jessica_posed_009,texture_01;texture_02;texture_03;texture_04;texture_05;texture_06;texture_07;texture_08;texture_09;texture_10;texture_11;texture_12;texture_13;texture_14;texture_15;texture_16;texture_17;texture_18
